objectPath,objectName,objectType,id
/Explore/Default/Salesforce Recipe Test,Process user input,PROCESS,2CZeJt0H8obbPE10HLSRkv
/Explore/Default/Test,GeminiAIAgentTest,PROCESS,0pwOiBsMSU2kcDPo4umnQr
/Explore/Default/Salesforce Recipe Test,ServiceConnectorLoadDataToSalesforce,AI_SERVICE_CONNECTOR,5KA331DZxcvktlpq6p1nST
/Explore/Default/Test,sqlserverDAS,AI_SERVICE_CONNECTOR,giNzoBuUlmBd3C2jrrwhEy
/Explore/Default/Test,AppConnection1,AI_CONNECTION,1bNTFLOHbdSd5hNmDaUz8L
/Explore/Default/Salesforce Recipe Test,ServiceConnectorNewInvestorSnowflake,AI_SERVICE_CONNECTOR,2NZ9rJWiTsXivYpa2tJwMW
/Explore/Default/Salesforce Recipe Test,tf_load_data_to_Snowflake,TASKFLOW,0foLhss1F2VePCex0OQCAy
/Explore/Default,loadFilePathWrapper,PROCESS,19jRA5DZ2yRgcmwhVrbXgG
/Explore/Default/Test,TestServiceConnectorUserJsonData,AI_SERVICE_CONNECTOR,a1vsZOlUHE9cDvVH4pn029
/Explore/Default/Test,Investor_File_Profiling,PROFILE,7hS8lkwLdO1ctCRf12OsIX
/Explore/Default/Salesforce Recipe Test,tf_load_data_to_Salesforce,TASKFLOW,aDUctYjEZjBbhdb2walNW1
/Explore/Default/Salesforce Recipe Test,Add New Investors in Salesforce File,PROCESS,4jEC0YsaL5acbGADXi8c0B
/Explore/Default/Test,SalesforceQueryConnector,AI_SERVICE_CONNECTOR,9S7Zgur3YijeCBGhrKN2Gz
/Explore/Default,Test,Folder,80zUgYHZO5LeUi6DS2vxeH
/Explore/Default/Salesforce Recipe Test,Salesforce_Data_File_Writer,PROCESS,hurYZT8irudeDEg9dXuowY
/Explore/Default/Salesforce Recipe Test,mt_Load_New_Investor_data_to_Salesforce,MTT,4SSiK53WOmnetIZmrKJpKX
/SYS,Flat File Local,Connection,jPEprFvDTiddgLpdP6m8ow
/Explore/Default/Salesforce Recipe Test,investment_advice,PROCESS,6YNsj8SmeDKhGbUnhW0WOX
/Explore,Default,Project,2wO3u6n0Utkbp1zWCOrV8R
/Explore/Default/Salesforce Recipe Test,AppConnectionLoadDataSnowflake,AI_CONNECTION,3cDEhWAQF09d68ICoYI7k3
/Explore/Default/Salesforce Recipe Test,GeminiAIAgentConnection,AI_CONNECTION,aiqbJxgWooXdfcExgjV24w
/Explore/Default/Test,GenerationConfig_PO,PROCESS_OBJECT,2vQQH05ng8WhYQ5IwsXosv
/Explore/Default/Salesforce Recipe Test,GenerationConfig_PO,PROCESS_OBJECT,0xzH1exZnofckBzCPSbr0s
/Explore/Default/Salesforce Recipe Test,Load_New_Investor_into_Snowflake,DTEMPLATE,jvY43GARlIZbCSo8tCKcS6
/SYS,ananyo,AgentGroup,0o8rYBAUHSAbtdJJQPN0Ok
/Explore/Default/Test,TestFileConnection,AI_CONNECTION,1T53ZmueUPdeoAlJn8fDkj
/Explore/Default/Test,Mapping1,DTEMPLATE,9qwlfJlMHQbbUC2rHXYMol
/Explore/Default/Salesforce Recipe Test,Gemini Salesforce Do Not USE,PROCESS,aW0jQkEp4zgjROkqGStS0N
/Explore/Default/Test,GeminiAIAgentConnection,AI_CONNECTION,98kTrwJN7hwcaJj90X9747
/Explore/Default/Test,investment_advice Test,PROCESS,09D0JjjwcGKe3vVZcwXc8k
/Explore/Default/Test,Cleanse_Country,CLEANSE,3vBmy8Gmhdflaf1G8R5Y6Z
/Explore/Default/Salesforce Recipe Test,mt_investor_news_data_load,MTT,78iEfr3v5BofwWUiaGX3WX
/Explore/Default/Salesforce Recipe Test,SalesforceQueryConnection,AI_CONNECTION,04FYpMyhkItjKv33JZprgt
/Explore/Default/Salesforce Recipe Test,mapping_Load_New_Investor_from_File_To_Salesforce,DTEMPLATE,aUboTu2KtO7jZ8xRIVclAx
/Explore/Default,Salesforce Recipe Test,Folder,0ACnhTnN5MGfrAoL20ncyq
/Explore/Default,LoadFileByPath,PROCESS,je6T13MKf8AeMhWpWf9kYk
/Explore/Default/Test,Parse,PARSE,7gefEBo4s6vc0eRjFSZmMu
/Explore/Default/Salesforce Recipe Test,Salesforce Executor,PROCESS,6Z9BCiJmvL0f3A16MtPj0z
/Explore/Default/Salesforce Recipe Test,Find Investor details,PROCESS,46gVGdjiEffhQDQy9acsyY
/Explore/Default/Salesforce Recipe Test,mt_investor_hf_sentiment_load,MTT,2ORLJIVh1kYjitKX76S34y
/SYS,SNOWFLAKE_INFA,Connection,dWSyxL3nrcXijkeXpqRKUd
/Explore/Default/Test,Test Hello World,PROCESS,cE4BL60xbOei1P4sFmExo1
/Explore/Default/Salesforce Recipe Test,LoadNewInvestor,PROCESS,2UAUbauzQwGl5FSAmdn4of
/Explore/Default/Salesforce Recipe Test,Prompt Engineering,PROCESS,3GiqSqYIcsGdn6VLPHlYQE
/Explore/Default/Salesforce Recipe Test,Find Investor Sentiment,PROCESS,471TzEINSc8eFc3dZdbA4C
/Explore/Default/Test,FS_Advisor_Investor_check,PROCESS,cjMtIQ7WMaNcyQyJZwJZgA
/Explore/Default/Salesforce Recipe Test,AppConnectionNewInvestor,AI_CONNECTION,6egmu6OzbidbvaBbSlhhyQ
/Explore/Default/Test,Tst_DASConnector_SQL_Server,AI_SERVICE_CONNECTOR,aph4xPvVZpwjXFlUXPTAwT
/Explore/Default/Salesforce Recipe Test,investment_advice Fault Handling,PROCESS,6DQTIedma74ciCmOFeaQmz
/Explore/Default/Salesforce Recipe Test,SalesforceConnection,AI_CONNECTION,42sYQQRm4GiiF58pLl3jWR
/Explore/Default/Salesforce Recipe Test,investor news data load from Snowflake to Salesforce,DTEMPLATE,78SGFs1k0npfJa7wxUg3aQ
/SYS,Salesforce_DI,Connection,03kmyqz12zoibvO2QldXMd
/Explore/Default/Salesforce Recipe Test,mt_New_Investor_Data_into_Snowflake,MTT,00HXy93dYqhdkGUW17vzCT
/Explore/Default/Salesforce Recipe Test,AppConnectionLoadDataSalesforceNewInvestor,AI_CONNECTION,2ouVcAZhpSdiaWhQySC4sm
/Explore/Default/Salesforce Recipe Test,investor_hf_sentiment_load_snowflake_to_salesforce,DTEMPLATE,4xwpX7CR4U7l8kPIm6a0Ix
/Explore/Default/Salesforce Recipe Test,SalesforceQueryConnector,AI_SERVICE_CONNECTOR,2OsOyzA8NPMb9PGqmhAdUT
/Explore/Default/Salesforce Recipe Test,Salesforce_create,PROCESS,3D41NrgU3KJkMs2g3vy96n
/Explore/Default/Test,SalesforceQueryConnection,AI_CONNECTION,daqQPMj14ucfHMHqwSeeEU
/Explore/Default/Test,Dictionary_Country,DICTIONARY,04gVJVbzO3KewpT97YPHCa