<aetgt:getResponse xmlns:aetgt="http://schemas.active-endpoints.com/appmodules/repository/2010/10/avrepository.xsd"
                   xmlns:types1="http://schemas.active-endpoints.com/appmodules/repository/2010/10/avrepository.xsd">
   <types1:Item>
      <types1:EntryId>78jKBmeK3jhBjop-gt-6628456-2025-02-26T02:52:59.48Z::pd.xml</types1:EntryId>
      <types1:Name>LoadFileByPath</types1:Name>
      <types1:ParentFlowIds>NNciZBpDUQbgdwU-gt-6631442-2025-02-26T02:52:59.637Z::pd.xml</types1:ParentFlowIds>
      <types1:MimeType>application/xml+process</types1:MimeType>
      <types1:Description/>
      <types1:AppliesTo/>
      <types1:Tags>.agent:ananyo</types1:Tags>
      <types1:VersionLabel>1.0</types1:VersionLabel>
      <types1:State>CURRENT</types1:State>
      <types1:ProcessGroup/>
      <types1:CreatedBy>ananyo.acharjya@capgemini.com</types1:CreatedBy>
      <types1:CreationDate>2025-02-26T02:52:59Z</types1:CreationDate>
      <types1:ModifiedBy>ananyo.acharjya@capgemini.com</types1:ModifiedBy>
      <types1:ModificationDate>2025-03-02T00:36:20Z</types1:ModificationDate>
      <types1:PublicationStatus>published</types1:PublicationStatus>
      <types1:PublishedBy>ananyo.acharjya@capgemini.com</types1:PublishedBy>
      <types1:PublicationDate>2025-03-02T00:36:27Z</types1:PublicationDate>
      <types1:PublishedContributionId>project:/spi.LoadFileByPath/LoadFileByPath.pd.xml</types1:PublishedContributionId>
      <types1:Entry>
         <process xmlns="http://schemas.active-endpoints.com/appmodules/screenflow/2010/10/avosScreenflow.xsd"
                  xmlns:tfm="http://schemas.active-endpoints.com/appmodules/screenflow/2021/04/taskflowModel.xsd"
                  xmlns:list="urn:activevos:spi:list:functions"
                  GUID="je6T13MKf8AeMhWpWf9kYk"
                  displayName="LoadFileByPath"
                  name="LoadFileByPath"
                  overrideAPIName="false"
                  processNamespace="urn:screenflow:process:">
            <parameterSet xmlns="http://schemas.active-endpoints.com/appmodules/screenflow/2021/04/taskflowModel.xsd"/>
            <appliesTo/>
            <description/>
            <tags>.agent:ananyo</tags>
            <generator>Informatica Process Designer 11</generator>
            <output>
               <field description="" name="content" type="string">
                  <options>
                     <option name="required">false</option>
                  </options>
               </field>
            </output>
            <tempFields>
               <field description="" name="path" type="string">
                  <options>
                     <option name="required">false</option>
                  </options>
               </field>
               <field description="" name="fileExists" type="boolean">
                  <options>
                     <option name="defaultvalue">false</option>
                     <option name="boolean_show_as">checkbox</option>
                     <option name="required">false</option>
                  </options>
               </field>
            </tempFields>
            <notes/>
            <deployment skipIfRunning="false" suspendOnFault="false" tracingLevel="normal">
               <targetLocation>ananyo</targetLocation>
               <rest>
                  <allowAnonymousAccess/>
               </rest>
            </deployment>
            <extData>
               <nvpair name="treatEmptyStringAsNotNull">false</nvpair>
               <nvpair name="treatEmptyStringAsNull">true</nvpair>
               <nvpair name="treatEmptyObjectListAsArray">true</nvpair>
               <nvpair name="treatEmptyObjectListAsNotArray">false</nvpair>
            </extData>
            <flow id="hfd0498e4-7bdc-45a7-92b4-bdd36ae0b5e5">
               <start id="j0cfc959b-e870-4fd2-ae5a-e5d0c81c36d4">
                  <link id="x1a3d5ab9-385d-4b96-801c-af46bc794ab2"
                        targetId="a1je6T13MKf8AeMhWpWf9kYk-imbzk3kt"/>
               </start>
               <assignment id="a1je6T13MKf8AeMhWpWf9kYk-imbzk3kt">
                  <title>Assignment to path, fileExists</title>
                  <operation source="formula" to="temp.path">
                     <expression language="XQuery">'file:///C:/CAI/investor_data.csv'</expression>
                  </operation>
                  <operation source="formula" to="temp.fileExists">
                     <expression language="XQuery">fn:unparsed-text('file:///C:/CAI/investor_data.csv')
</expression>
                  </operation>
                  <link id="w24c7abbe-0713-4519-b2c3-72bab46db5d5"
                        targetId="a1je6T13MKf8AeMhWpWf9kYk-jspe2jwi"/>
               </assignment>
               <container id="a1je6T13MKf8AeMhWpWf9kYk-jspe2jwi" type="exclusive">
                  <title>fileExists?</title>
                  <flow id="qd97e56d8-7afb-420a-add6-3d789f91d7ab">
                     <assignment id="a1je6T13MKf8AeMhWpWf9kYk-jspe2jww">
                        <title>Assignment to content</title>
                        <operation source="formula" to="output.content">
                           <expression language="XQuery">fn:unparsed-text($temp.path)</expression>
                        </operation>
                     </assignment>
                     <link id="g925f6f6b-66cc-4f9d-a4d1-ce02ed33f78b"
                           targetId="a1je6T13MKf8AeMhWpWf9kYk-jspe2jwi"
                           type="containerLink"/>
                  </flow>
                  <flow id="q610be1d8-90a1-46d2-a61e-54d9a8ee78ba">
                     <assignment id="a1je6T13MKf8AeMhWpWf9kYk-jspe2jx6">
                        <title>Assignment to content</title>
                        <operation source="constant" to="output.content">ERROR: File does not exist</operation>
                     </assignment>
                     <link id="ubc09f3fd-d3a3-4f6d-a2d8-159fa1f8bd60"
                           targetId="a1je6T13MKf8AeMhWpWf9kYk-jspe2jwi"
                           type="containerLink"/>
                  </flow>
                  <link id="mf2ecc8a6-7576-42d7-8080-f22c6b80e88d"
                        targetId="qd97e56d8-7afb-420a-add6-3d789f91d7ab"
                        type="containerLink">
                     <condition source="formula">
                        <function name="true">
                           <arg name="field">{$temp.fileExists}</arg>
                        </function>
                     </condition>
                  </link>
                  <link id="y83184a80-3565-4051-be33-fa2a723a31b1"
                        targetId="q610be1d8-90a1-46d2-a61e-54d9a8ee78ba"
                        type="containerLink">
                     <condition source="formula">
                        <function name="false">
                           <arg name="field">{$temp.fileExists}</arg>
                        </function>
                     </condition>
                  </link>
                  <link id="af9b29c4c-96a4-4819-b9d9-b80498b91486"
                        targetId="a1je6T13MKf8AeMhWpWf9kYk-j9pfsflq"/>
               </container>
               <end id="a1je6T13MKf8AeMhWpWf9kYk-j9pfsflq">
                  <title>End</title>
               </end>
            </flow>
         </process>
         <ns1:sample-data-sets xmlns:ns1="http://schemas.active-endpoints.com/appmodules/repository/2010/10/sampleData.xsd">
            <ns1:SampleData>
               <ns1:Id>6c20ae3b-7250-4224-a587-155d66015e27</ns1:Id>
               <ns1:Name>File</ns1:Name>
               <ns1:CreatedBy>ananyo.acharjya@capgemini.com</ns1:CreatedBy>
               <ns1:CreationDate>2025-02-26T03:05:22Z</ns1:CreationDate>
               <ns1:ModifiedBy>ananyo.acharjya@capgemini.com</ns1:ModifiedBy>
               <ns1:ModificationDate>2025-02-26T03:05:22Z</ns1:ModificationDate>
               <ns1:Data format="json">{}</ns1:Data>
            </ns1:SampleData>
         </ns1:sample-data-sets>
      </types1:Entry>
      <types1:GUID>je6T13MKf8AeMhWpWf9kYk</types1:GUID>
      <types1:DisplayName>LoadFileByPath</types1:DisplayName>
   </types1:Item>
   <types1:CurrentServerDateTime>2025-03-08T20:48:13.367Z</types1:CurrentServerDateTime>
</aetgt:getResponse>
