<aetgt:getResponse xmlns:aetgt="http://schemas.active-endpoints.com/appmodules/repository/2010/10/avrepository.xsd"
                   xmlns:types1="http://schemas.active-endpoints.com/appmodules/repository/2010/10/avrepository.xsd">
   <types1:Item>
      <types1:EntryId>NNciZBpDUQbgdwU-gt-6631442-2025-02-26T02:52:59.637Z::pd.xml</types1:EntryId>
      <types1:Name>loadFilePathWrapper</types1:Name>
      <types1:MimeType>application/xml+process</types1:MimeType>
      <types1:Description/>
      <types1:AppliesTo/>
      <types1:Tags>.agent:ananyo</types1:Tags>
      <types1:VersionLabel>1.0</types1:VersionLabel>
      <types1:State>CURRENT</types1:State>
      <types1:ProcessGroup/>
      <types1:CreatedBy>ananyo.acharjya@capgemini.com</types1:CreatedBy>
      <types1:CreationDate>2025-02-26T02:53:00Z</types1:CreationDate>
      <types1:ModifiedBy>ananyo.acharjya@capgemini.com</types1:ModifiedBy>
      <types1:ModificationDate>2025-03-01T23:54:56Z</types1:ModificationDate>
      <types1:PublicationStatus>out-of-date</types1:PublicationStatus>
      <types1:PublishedBy>ananyo.acharjya@capgemini.com</types1:PublishedBy>
      <types1:PublicationDate>2025-03-01T23:56:01Z</types1:PublicationDate>
      <types1:PublishedContributionId>project:/spi.loadFilePathWrapper/loadFilePathWrapper.pd.xml</types1:PublishedContributionId>
      <types1:Entry>
         <process xmlns="http://schemas.active-endpoints.com/appmodules/screenflow/2010/10/avosScreenflow.xsd"
                  xmlns:tfm="http://schemas.active-endpoints.com/appmodules/screenflow/2021/04/taskflowModel.xsd"
                  xmlns:list="urn:activevos:spi:list:functions"
                  GUID="19jRA5DZ2yRgcmwhVrbXgG"
                  displayName="loadFilePathWrapper"
                  name="loadFilePathWrapper"
                  overrideAPIName="false"
                  processNamespace="urn:screenflow:process:">
            <parameterSet xmlns="http://schemas.active-endpoints.com/appmodules/screenflow/2021/04/taskflowModel.xsd"/>
            <appliesTo/>
            <description/>
            <tags>.agent:ananyo</tags>
            <generator>Informatica Process Designer 11</generator>
            <output>
               <field description="" name="ResponseText" type="string">
                  <options>
                     <option name="required">false</option>
                  </options>
               </field>
            </output>
            <notes/>
            <deployment skipIfRunning="false" suspendOnFault="false" tracingLevel="verbose">
               <targetLocation>ananyo</targetLocation>
               <rest>
                  <allowAnonymousAccess/>
               </rest>
            </deployment>
            <extData>
               <nvpair name="treatEmptyStringAsNotNull">false</nvpair>
               <nvpair name="treatEmptyStringAsNull">true</nvpair>
               <nvpair name="treatEmptyObjectListAsArray">true</nvpair>
               <nvpair name="treatEmptyObjectListAsNotArray">false</nvpair>
            </extData>
            <flow id="i1add3b28-5a4c-4d60-8731-7ef3f18b93a0">
               <start id="oe941576a-134f-407e-95d9-1b1445fbeebb">
                  <link id="u5baea8f6-5b95-4bc5-912a-21505893b2ce"
                        targetId="a119jRA5DZ2yRgcmwhVrbXgG-c"/>
               </start>
               <subflow id="a119jRA5DZ2yRgcmwhVrbXgG-c">
                  <title>subprocess</title>
                  <subflowGUID>je6T13MKf8AeMhWpWf9kYk</subflowGUID>
                  <subflowPath>LoadFileByPath</subflowPath>
                  <appliesTo/>
                  <runForEach>false</runForEach>
                  <input/>
                  <outputDef>
                     <field description="" name="content" type="string">
                        <options>
                           <option name="required">false</option>
                        </options>
                     </field>
                  </outputDef>
                  <link id="a7ded8f10-7c7a-44fa-8fa9-93a19c4a11c1"
                        targetId="a119jRA5DZ2yRgcmwhVrbXgG-iug5k1bu"/>
               </subflow>
               <assignment id="a119jRA5DZ2yRgcmwhVrbXgG-iug5k1bu">
                  <title>assignment</title>
                  <operation source="field" to="output.ResponseText">output.content</operation>
                  <link id="j7aaef957-d6a8-424a-ac74-50a8608be832"
                        targetId="a119jRA5DZ2yRgcmwhVrbXgG-d"/>
               </assignment>
               <end id="a119jRA5DZ2yRgcmwhVrbXgG-d">
                  <title>End</title>
               </end>
            </flow>
         </process>
         <ns1:sample-data-sets xmlns:ns1="http://schemas.active-endpoints.com/appmodules/repository/2010/10/sampleData.xsd">
            <ns1:SampleData>
               <ns1:Id>acd0ffa9-a2f3-4ca9-be38-204b58d91428</ns1:Id>
               <ns1:Name>File</ns1:Name>
               <ns1:CreatedBy>ananyo.acharjya@capgemini.com</ns1:CreatedBy>
               <ns1:CreationDate>2025-02-26T03:12:35Z</ns1:CreationDate>
               <ns1:ModifiedBy>ananyo.acharjya@capgemini.com</ns1:ModifiedBy>
               <ns1:ModificationDate>2025-02-26T03:12:35Z</ns1:ModificationDate>
               <ns1:Data format="json">{}</ns1:Data>
            </ns1:SampleData>
         </ns1:sample-data-sets>
      </types1:Entry>
      <types1:GUID>19jRA5DZ2yRgcmwhVrbXgG</types1:GUID>
      <types1:DisplayName>loadFilePathWrapper</types1:DisplayName>
   </types1:Item>
   <types1:CurrentServerDateTime>2025-03-08T20:48:13.563Z</types1:CurrentServerDateTime>
</aetgt:getResponse>
