{
  "name" : "Default-1741466771539",
  "sourceOrgId" : "ifEcgl9xlW9hSa0C1dwTqJ",
  "sourceOrgName" : "Capgemini",
  "exportedObjects" : [ {
    "objectGuid" : "2CZeJt0H8obbPE10HLSRkv",
    "objectName" : "Process user input",
    "objectType" : "PROCESS",
    "path" : "/Explore/Default/Salesforce Recipe Test",
    "metadata" : {
      "modelVersion" : {
        "major" : 1,
        "minor" : 0
      },
      "repoInfo" : {
        "repoHandle" : "GNBnJKoJBUhtyco-gt-198928-2025-03-05T23:57:00.052Z::pd.xml"
      },
      "objectRefs" : [ "aiqbJxgWooXdfcExgjV24w" ],
      "contextAttributes" : null,
      "additionalInfo" : {
        "description" : "",
        "contentType" : "application/json; charset=utf-8",
        "documentState" : "VALID"
      }
    }
  }, {
    "objectGuid" : "0pwOiBsMSU2kcDPo4umnQr",
    "objectName" : "GeminiAIAgentTest",
    "objectType" : "PROCESS",
    "path" : "/Explore/Default/Test",
    "metadata" : {
      "modelVersion" : {
        "major" : 1,
        "minor" : 0
      },
      "repoInfo" : {
        "repoHandle" : "beB9aaa-gt-6877928-2025-02-26T16:07:20.25Z::pd.xml"
      },
      "objectRefs" : [ "aiqbJxgWooXdfcExgjV24w" ],
      "contextAttributes" : null,
      "additionalInfo" : {
        "description" : "",
        "contentType" : "application/json; charset=utf-8",
        "documentState" : "VALID"
      }
    }
  }, {
    "objectGuid" : "5KA331DZxcvktlpq6p1nST",
    "objectName" : "ServiceConnectorLoadDataToSalesforce",
    "objectType" : "AI_SERVICE_CONNECTOR",
    "path" : "/Explore/Default/Salesforce Recipe Test",
    "metadata" : {
      "modelVersion" : {
        "major" : 1,
        "minor" : 0
      },
      "repoInfo" : {
        "repoHandle" : "kSQciSrZMSPfXBi-gt-1733923-2025-03-07T23:51:00.916Z::svc.xml"
      },
      "objectRefs" : [ ],
      "contextAttributes" : null,
      "additionalInfo" : {
        "description" : "",
        "contentType" : "application/json; charset=utf-8",
        "documentState" : "VALID"
      }
    }
  }, {
    "objectGuid" : "giNzoBuUlmBd3C2jrrwhEy",
    "objectName" : "sqlserverDAS",
    "objectType" : "AI_SERVICE_CONNECTOR",
    "path" : "/Explore/Default/Test",
    "metadata" : {
      "modelVersion" : {
        "major" : 1,
        "minor" : 0
      },
      "repoInfo" : {
        "repoHandle" : "yjllCYAOTMneBjr-gt-8447632-2025-03-01T22:25:38.389Z::svc.xml"
      },
      "objectRefs" : [ ],
      "contextAttributes" : null,
      "additionalInfo" : {
        "description" : "",
        "contentType" : "application/json; charset=utf-8",
        "documentState" : "VALID"
      }
    }
  }, {
    "objectGuid" : "1bNTFLOHbdSd5hNmDaUz8L",
    "objectName" : "AppConnection1",
    "objectType" : "AI_CONNECTION",
    "path" : "/Explore/Default/Test",
    "metadata" : {
      "modelVersion" : {
        "major" : 1,
        "minor" : 0
      },
      "repoInfo" : {
        "repoHandle" : "E1reAFLK2D86Cjq-gt-6427802-2025-02-25T17:50:15.498Z::conn.xml"
      },
      "objectRefs" : [ "a1vsZOlUHE9cDvVH4pn029" ],
      "contextAttributes" : null,
      "additionalInfo" : {
        "description" : "",
        "contentType" : "application/json; charset=utf-8",
        "documentState" : "VALID"
      }
    }
  }, {
    "objectGuid" : "2NZ9rJWiTsXivYpa2tJwMW",
    "objectName" : "ServiceConnectorNewInvestorSnowflake",
    "objectType" : "AI_SERVICE_CONNECTOR",
    "path" : "/Explore/Default/Salesforce Recipe Test",
    "metadata" : {
      "modelVersion" : {
        "major" : 1,
        "minor" : 0
      },
      "repoInfo" : {
        "repoHandle" : "USptM9hOznKKvvN-gt-2049916-2025-03-08T16:31:49.75Z::svc.xml"
      },
      "objectRefs" : [ ],
      "contextAttributes" : null,
      "additionalInfo" : {
        "description" : "",
        "contentType" : "application/json; charset=utf-8",
        "documentState" : "VALID"
      }
    }
  }, {
    "objectGuid" : "0foLhss1F2VePCex0OQCAy",
    "objectName" : "tf_load_data_to_Snowflake",
    "objectType" : "TASKFLOW",
    "path" : "/Explore/Default/Salesforce Recipe Test",
    "metadata" : {
      "modelVersion" : {
        "major" : 1,
        "minor" : 0
      },
      "repoInfo" : {
        "repoHandle" : "P5gjn9OQcjoYsjq-gt-615954-2025-03-08T16:27:09.066Z::tf.xml"
      },
      "objectRefs" : [ "00HXy93dYqhdkGUW17vzCT" ],
      "contextAttributes" : null,
      "additionalInfo" : {
        "description" : "",
        "contentType" : "application/json; charset=utf-8",
        "documentState" : "VALID"
      }
    }
  }, {
    "objectGuid" : "19jRA5DZ2yRgcmwhVrbXgG",
    "objectName" : "loadFilePathWrapper",
    "objectType" : "PROCESS",
    "path" : "/Explore/Default",
    "metadata" : {
      "modelVersion" : {
        "major" : 1,
        "minor" : 0
      },
      "repoInfo" : {
        "repoHandle" : "NNciZBpDUQbgdwU-gt-6631442-2025-02-26T02:52:59.637Z::pd.xml"
      },
      "objectRefs" : [ "je6T13MKf8AeMhWpWf9kYk" ],
      "contextAttributes" : null,
      "additionalInfo" : {
        "description" : "",
        "contentType" : "application/json; charset=utf-8",
        "documentState" : "VALID"
      }
    }
  }, {
    "objectGuid" : "a1vsZOlUHE9cDvVH4pn029",
    "objectName" : "TestServiceConnectorUserJsonData",
    "objectType" : "AI_SERVICE_CONNECTOR",
    "path" : "/Explore/Default/Test",
    "metadata" : {
      "modelVersion" : {
        "major" : 1,
        "minor" : 0
      },
      "repoInfo" : {
        "repoHandle" : "OyCEx9dwMbgbdoP-gt-6415372-2025-02-25T17:19:35.651Z::svc.xml"
      },
      "objectRefs" : [ ],
      "contextAttributes" : null,
      "additionalInfo" : {
        "description" : "",
        "contentType" : "application/json; charset=utf-8",
        "documentState" : "VALID"
      }
    }
  }, {
    "objectGuid" : "7hS8lkwLdO1ctCRf12OsIX",
    "objectName" : "Investor_File_Profiling",
    "objectType" : "PROFILE",
    "path" : "/Explore/Default/Test",
    "metadata" : {
      "modelVersion" : {
        "major" : 1,
        "minor" : 0
      },
      "repoInfo" : {
        "repoHandle" : "7f12fe7f-b548-482f-af20-9a3c5dc14584"
      },
      "objectRefs" : [ "jPEprFvDTiddgLpdP6m8ow" ],
      "contextAttributes" : [ ],
      "additionalInfo" : {
        "description" : "Investor_File_Profiling",
        "contentType" : "json",
        "documentState" : "VALID"
      }
    }
  }, {
    "objectGuid" : "aDUctYjEZjBbhdb2walNW1",
    "objectName" : "tf_load_data_to_Salesforce",
    "objectType" : "TASKFLOW",
    "path" : "/Explore/Default/Salesforce Recipe Test",
    "metadata" : {
      "modelVersion" : {
        "major" : 1,
        "minor" : 0
      },
      "repoInfo" : {
        "repoHandle" : "aa-gt-1140006-2025-03-07T23:43:20.001Z::tf.xml"
      },
      "objectRefs" : [ "4SSiK53WOmnetIZmrKJpKX" ],
      "contextAttributes" : null,
      "additionalInfo" : {
        "description" : "",
        "contentType" : "application/json; charset=utf-8",
        "documentState" : "VALID"
      }
    }
  }, {
    "objectGuid" : "4jEC0YsaL5acbGADXi8c0B",
    "objectName" : "Add New Investors in Salesforce File",
    "objectType" : "PROCESS",
    "path" : "/Explore/Default/Salesforce Recipe Test",
    "metadata" : {
      "modelVersion" : {
        "major" : 1,
        "minor" : 0
      },
      "repoInfo" : {
        "repoHandle" : "duWG6UtLnzYLnzY-gt-1109739-2025-03-07T03:08:10.573Z::pd.xml"
      },
      "objectRefs" : [ "2UAUbauzQwGl5FSAmdn4of", "hurYZT8irudeDEg9dXuowY" ],
      "contextAttributes" : null,
      "additionalInfo" : {
        "description" : "",
        "contentType" : "application/json; charset=utf-8",
        "documentState" : "VALID"
      }
    }
  }, {
    "objectGuid" : "9S7Zgur3YijeCBGhrKN2Gz",
    "objectName" : "SalesforceQueryConnector",
    "objectType" : "AI_SERVICE_CONNECTOR",
    "path" : "/Explore/Default/Test",
    "metadata" : {
      "modelVersion" : {
        "major" : 1,
        "minor" : 0
      },
      "repoInfo" : {
        "repoHandle" : "glMickgpbdoPVm5-gt-2770657-2025-02-18T15:01:49.109Z::svc.xml"
      },
      "objectRefs" : [ ],
      "contextAttributes" : null,
      "additionalInfo" : {
        "description" : "Custom Salesforce connector for executing an SOQL request",
        "contentType" : null,
        "documentState" : "VALID"
      }
    }
  }, {
    "objectGuid" : "80zUgYHZO5LeUi6DS2vxeH",
    "objectName" : "Test",
    "objectType" : "Folder",
    "path" : "/Explore/Default",
    "metadata" : {
      "modelVersion" : {
        "major" : 0,
        "minor" : 0
      },
      "repoInfo" : null,
      "objectRefs" : [ ],
      "contextAttributes" : [ ],
      "additionalInfo" : {
        "description" : "",
        "contentType" : "Binary",
        "documentState" : "COMPLETE"
      }
    }
  }, {
    "objectGuid" : "hurYZT8irudeDEg9dXuowY",
    "objectName" : "Salesforce_Data_File_Writer",
    "objectType" : "PROCESS",
    "path" : "/Explore/Default/Salesforce Recipe Test",
    "metadata" : {
      "modelVersion" : {
        "major" : 1,
        "minor" : 0
      },
      "repoInfo" : {
        "repoHandle" : "KvvNtLSVMTonQYW-gt-1510664-2025-03-07T17:14:40.586Z::pd.xml"
      },
      "objectRefs" : [ "6egmu6OzbidbvaBbSlhhyQ" ],
      "contextAttributes" : null,
      "additionalInfo" : {
        "description" : "",
        "contentType" : "application/json; charset=utf-8",
        "documentState" : "VALID"
      }
    }
  }, {
    "objectGuid" : "4SSiK53WOmnetIZmrKJpKX",
    "objectName" : "mt_Load_New_Investor_data_to_Salesforce",
    "objectType" : "MTT",
    "path" : "/Explore/Default/Salesforce Recipe Test",
    "metadata" : {
      "modelVersion" : {
        "major" : 0,
        "minor" : 0
      },
      "repoInfo" : {
        "repoHandle" : "01D5C00Z000000000006"
      },
      "objectRefs" : [ "aUboTu2KtO7jZ8xRIVclAx", "03kmyqz12zoibvO2QldXMd", "jPEprFvDTiddgLpdP6m8ow", "0o8rYBAUHSAbtdJJQPN0Ok" ],
      "contextAttributes" : [ {
        "name" : "id",
        "value" : "@1"
      } ],
      "additionalInfo" : {
        "description" : null,
        "contentType" : "JSON",
        "documentState" : "VALID"
      }
    }
  }, {
    "objectGuid" : "jPEprFvDTiddgLpdP6m8ow",
    "objectName" : "Flat File Local",
    "objectType" : "Connection",
    "path" : "/SYS",
    "metadata" : {
      "modelVersion" : {
        "major" : 0,
        "minor" : 0
      },
      "repoInfo" : {
        "repoHandle" : "01D5C00B000000000008"
      },
      "objectRefs" : [ "0o8rYBAUHSAbtdJJQPN0Ok" ],
      "contextAttributes" : [ {
        "name" : "id",
        "value" : "@1"
      } ],
      "additionalInfo" : {
        "description" : null,
        "contentType" : "JSON",
        "documentState" : "COMPLETE"
      }
    }
  }, {
    "objectGuid" : "6YNsj8SmeDKhGbUnhW0WOX",
    "objectName" : "investment_advice",
    "objectType" : "PROCESS",
    "path" : "/Explore/Default/Salesforce Recipe Test",
    "metadata" : {
      "modelVersion" : {
        "major" : 1,
        "minor" : 0
      },
      "repoInfo" : {
        "repoHandle" : "WU8lpDqotxGomUh-gt-168695-2025-03-05T21:58:19.78Z::pd.xml"
      },
      "objectRefs" : [ "2CZeJt0H8obbPE10HLSRkv", "2ouVcAZhpSdiaWhQySC4sm", "aiqbJxgWooXdfcExgjV24w", "3cDEhWAQF09d68ICoYI7k3", "4jEC0YsaL5acbGADXi8c0B", "46gVGdjiEffhQDQy9acsyY" ],
      "contextAttributes" : null,
      "additionalInfo" : {
        "description" : "",
        "contentType" : "application/json; charset=utf-8",
        "documentState" : "VALID"
      }
    }
  }, {
    "objectGuid" : "2wO3u6n0Utkbp1zWCOrV8R",
    "objectName" : "Default",
    "objectType" : "Project",
    "path" : "/Explore",
    "metadata" : {
      "modelVersion" : {
        "major" : 0,
        "minor" : 0
      },
      "repoInfo" : null,
      "objectRefs" : [ ],
      "contextAttributes" : [ {
        "name" : "IS_DEF_LOC",
        "value" : "true"
      } ],
      "additionalInfo" : {
        "description" : "Auto-generated Default Project",
        "contentType" : null,
        "documentState" : "COMPLETE"
      }
    }
  }, {
    "objectGuid" : "3cDEhWAQF09d68ICoYI7k3",
    "objectName" : "AppConnectionLoadDataSnowflake",
    "objectType" : "AI_CONNECTION",
    "path" : "/Explore/Default/Salesforce Recipe Test",
    "metadata" : {
      "modelVersion" : {
        "major" : 1,
        "minor" : 0
      },
      "repoInfo" : {
        "repoHandle" : "k9ZmtK9hCHbf2XZ-gt-2050848-2025-03-08T16:34:38.172Z::conn.xml"
      },
      "objectRefs" : [ "2NZ9rJWiTsXivYpa2tJwMW" ],
      "contextAttributes" : null,
      "additionalInfo" : {
        "description" : "",
        "contentType" : "application/json; charset=utf-8",
        "documentState" : "VALID"
      }
    }
  }, {
    "objectGuid" : "aiqbJxgWooXdfcExgjV24w",
    "objectName" : "GeminiAIAgentConnection",
    "objectType" : "AI_CONNECTION",
    "path" : "/Explore/Default/Salesforce Recipe Test",
    "metadata" : {
      "modelVersion" : {
        "major" : 1,
        "minor" : 0
      },
      "repoInfo" : {
        "repoHandle" : "eCUtoVVVVVVVVVV-gt-3348773-2025-02-10T20:51:43.067Z::conn.xml"
      },
      "objectRefs" : [ ],
      "contextAttributes" : null,
      "additionalInfo" : {
        "description" : "Gemini connection",
        "contentType" : "application/json; charset=utf-8",
        "documentState" : "VALID"
      }
    }
  }, {
    "objectGuid" : "2vQQH05ng8WhYQ5IwsXosv",
    "objectName" : "GenerationConfig_PO",
    "objectType" : "PROCESS_OBJECT",
    "path" : "/Explore/Default/Test",
    "metadata" : {
      "modelVersion" : {
        "major" : 1,
        "minor" : 0
      },
      "repoInfo" : {
        "repoHandle" : "0BdxPVIKchzt1Y6-gt-2775160-2025-02-18T15:01:48.987Z::po.xml"
      },
      "objectRefs" : [ ],
      "contextAttributes" : null,
      "additionalInfo" : {
        "description" : "Settings for the prompt request",
        "contentType" : null,
        "documentState" : "VALID"
      }
    }
  }, {
    "objectGuid" : "0xzH1exZnofckBzCPSbr0s",
    "objectName" : "GenerationConfig_PO",
    "objectType" : "PROCESS_OBJECT",
    "path" : "/Explore/Default/Salesforce Recipe Test",
    "metadata" : {
      "modelVersion" : {
        "major" : 1,
        "minor" : 0
      },
      "repoInfo" : {
        "repoHandle" : "jzDt0x7bcoq3xgj-gt-3348789-2025-02-10T20:51:43.155Z::po.xml"
      },
      "objectRefs" : [ ],
      "contextAttributes" : null,
      "additionalInfo" : {
        "description" : "Settings for the prompt request",
        "contentType" : "application/json; charset=utf-8",
        "documentState" : "VALID"
      }
    }
  }, {
    "objectGuid" : "jvY43GARlIZbCSo8tCKcS6",
    "objectName" : "Load_New_Investor_into_Snowflake",
    "objectType" : "DTEMPLATE",
    "path" : "/Explore/Default/Salesforce Recipe Test",
    "metadata" : {
      "modelVersion" : {
        "major" : 0,
        "minor" : 0
      },
      "repoInfo" : {
        "repoHandle" : "01D5C01700000000001H"
      },
      "objectRefs" : [ "3vBmy8Gmhdflaf1G8R5Y6Z", "jPEprFvDTiddgLpdP6m8ow", "dWSyxL3nrcXijkeXpqRKUd" ],
      "contextAttributes" : [ {
        "name" : "id",
        "value" : "@1"
      } ],
      "additionalInfo" : {
        "description" : "",
        "contentType" : "JSON",
        "documentState" : "VALID"
      }
    }
  }, {
    "objectGuid" : "0o8rYBAUHSAbtdJJQPN0Ok",
    "objectName" : "ananyo",
    "objectType" : "AgentGroup",
    "path" : "/SYS",
    "metadata" : {
      "modelVersion" : {
        "major" : 0,
        "minor" : 0
      },
      "repoInfo" : {
        "repoHandle" : "01D5C025000000000003"
      },
      "objectRefs" : [ ],
      "contextAttributes" : [ {
        "name" : "id",
        "value" : "@1"
      } ],
      "additionalInfo" : {
        "description" : null,
        "contentType" : "JSON",
        "documentState" : "VALID"
      }
    }
  }, {
    "objectGuid" : "1T53ZmueUPdeoAlJn8fDkj",
    "objectName" : "TestFileConnection",
    "objectType" : "AI_CONNECTION",
    "path" : "/Explore/Default/Test",
    "metadata" : {
      "modelVersion" : {
        "major" : 1,
        "minor" : 0
      },
      "repoInfo" : {
        "repoHandle" : "RLC64Ky2uI5CUP9-gt-6174283-2025-02-25T03:35:00.704Z::conn.xml"
      },
      "objectRefs" : [ ],
      "contextAttributes" : null,
      "additionalInfo" : {
        "description" : "",
        "contentType" : "application/json; charset=utf-8",
        "documentState" : "VALID"
      }
    }
  }, {
    "objectGuid" : "9qwlfJlMHQbbUC2rHXYMol",
    "objectName" : "Mapping1",
    "objectType" : "DTEMPLATE",
    "path" : "/Explore/Default/Test",
    "metadata" : {
      "modelVersion" : {
        "major" : 0,
        "minor" : 0
      },
      "repoInfo" : {
        "repoHandle" : "01D5C01700000000001D"
      },
      "objectRefs" : [ "3vBmy8Gmhdflaf1G8R5Y6Z", "jPEprFvDTiddgLpdP6m8ow" ],
      "contextAttributes" : [ {
        "name" : "id",
        "value" : "@1"
      } ],
      "additionalInfo" : {
        "description" : "",
        "contentType" : "JSON",
        "documentState" : "VALID"
      }
    }
  }, {
    "objectGuid" : "aW0jQkEp4zgjROkqGStS0N",
    "objectName" : "Gemini Salesforce Do Not USE",
    "objectType" : "PROCESS",
    "path" : "/Explore/Default/Salesforce Recipe Test",
    "metadata" : {
      "modelVersion" : {
        "major" : 1,
        "minor" : 0
      },
      "repoInfo" : {
        "repoHandle" : "8z0kZ2sBsoZduD2-gt-3348810-2025-02-10T20:51:43.966Z::pd.xml"
      },
      "objectRefs" : [ "aiqbJxgWooXdfcExgjV24w", "3GiqSqYIcsGdn6VLPHlYQE", "0xzH1exZnofckBzCPSbr0s", "6Z9BCiJmvL0f3A16MtPj0z" ],
      "contextAttributes" : null,
      "additionalInfo" : {
        "description" : "The process calls the LLM with user prompts and translates them into a list of queries. The queries are executed in a sequence. As each query runs, the LLM creates a new Salesforce query",
        "contentType" : "application/json; charset=utf-8",
        "documentState" : "VALID"
      }
    }
  }, {
    "objectGuid" : "98kTrwJN7hwcaJj90X9747",
    "objectName" : "GeminiAIAgentConnection",
    "objectType" : "AI_CONNECTION",
    "path" : "/Explore/Default/Test",
    "metadata" : {
      "modelVersion" : {
        "major" : 1,
        "minor" : 0
      },
      "repoInfo" : {
        "repoHandle" : "SA5V1FyuRZXDyvs-gt-2770643-2025-02-18T15:01:48.717Z::conn.xml"
      },
      "objectRefs" : [ ],
      "contextAttributes" : null,
      "additionalInfo" : {
        "description" : "Gemini connection",
        "contentType" : null,
        "documentState" : "VALID"
      }
    }
  }, {
    "objectGuid" : "09D0JjjwcGKe3vVZcwXc8k",
    "objectName" : "investment_advice Test",
    "objectType" : "PROCESS",
    "path" : "/Explore/Default/Test",
    "metadata" : {
      "modelVersion" : {
        "major" : 1,
        "minor" : 0
      },
      "repoInfo" : {
        "repoHandle" : "wyoALVYxWPQE8jI-gt-1010250-2025-03-07T00:07:53.661Z::pd.xml"
      },
      "objectRefs" : [ "2CZeJt0H8obbPE10HLSRkv", "aiqbJxgWooXdfcExgjV24w" ],
      "contextAttributes" : null,
      "additionalInfo" : {
        "description" : "",
        "contentType" : "application/json; charset=utf-8",
        "documentState" : "VALID"
      }
    }
  }, {
    "objectGuid" : "3vBmy8Gmhdflaf1G8R5Y6Z",
    "objectName" : "Cleanse_Country",
    "objectType" : "CLEANSE",
    "path" : "/Explore/Default/Test",
    "metadata" : {
      "modelVersion" : {
        "major" : 1,
        "minor" : 0
      },
      "repoInfo" : {
        "repoHandle" : "3vBmy8Gmhdflaf1G8R5Y6Z"
      },
      "objectRefs" : [ "04gVJVbzO3KewpT97YPHCa" ],
      "contextAttributes" : [ ],
      "additionalInfo" : {
        "description" : "Cleanse_Country",
        "contentType" : "Binary",
        "documentState" : "VALID"
      }
    }
  }, {
    "objectGuid" : "78iEfr3v5BofwWUiaGX3WX",
    "objectName" : "mt_investor_news_data_load",
    "objectType" : "MTT",
    "path" : "/Explore/Default/Salesforce Recipe Test",
    "metadata" : {
      "modelVersion" : {
        "major" : 0,
        "minor" : 0
      },
      "repoInfo" : {
        "repoHandle" : "01D5C00Z000000000004"
      },
      "objectRefs" : [ "03kmyqz12zoibvO2QldXMd", "78SGFs1k0npfJa7wxUg3aQ", "dWSyxL3nrcXijkeXpqRKUd", "0o8rYBAUHSAbtdJJQPN0Ok" ],
      "contextAttributes" : [ {
        "name" : "id",
        "value" : "@1"
      } ],
      "additionalInfo" : {
        "description" : null,
        "contentType" : "JSON",
        "documentState" : "VALID"
      }
    }
  }, {
    "objectGuid" : "04FYpMyhkItjKv33JZprgt",
    "objectName" : "SalesforceQueryConnection",
    "objectType" : "AI_CONNECTION",
    "path" : "/Explore/Default/Salesforce Recipe Test",
    "metadata" : {
      "modelVersion" : {
        "major" : 1,
        "minor" : 0
      },
      "repoInfo" : {
        "repoHandle" : "EDC2XZPnE29Em2k-gt-3361964-2025-02-10T20:51:43.484Z::conn.xml"
      },
      "objectRefs" : [ "2OsOyzA8NPMb9PGqmhAdUT" ],
      "contextAttributes" : null,
      "additionalInfo" : {
        "description" : "Connection for calling Salesforce using an SOQL request",
        "contentType" : "application/json; charset=utf-8",
        "documentState" : "VALID"
      }
    }
  }, {
    "objectGuid" : "aUboTu2KtO7jZ8xRIVclAx",
    "objectName" : "mapping_Load_New_Investor_from_File_To_Salesforce",
    "objectType" : "DTEMPLATE",
    "path" : "/Explore/Default/Salesforce Recipe Test",
    "metadata" : {
      "modelVersion" : {
        "major" : 0,
        "minor" : 0
      },
      "repoInfo" : {
        "repoHandle" : "01D5C01700000000001G"
      },
      "objectRefs" : [ "03kmyqz12zoibvO2QldXMd", "3vBmy8Gmhdflaf1G8R5Y6Z", "jPEprFvDTiddgLpdP6m8ow" ],
      "contextAttributes" : [ {
        "name" : "id",
        "value" : "@1"
      } ],
      "additionalInfo" : {
        "description" : "",
        "contentType" : "JSON",
        "documentState" : "VALID"
      }
    }
  }, {
    "objectGuid" : "0ACnhTnN5MGfrAoL20ncyq",
    "objectName" : "Salesforce Recipe Test",
    "objectType" : "Folder",
    "path" : "/Explore/Default",
    "metadata" : {
      "modelVersion" : {
        "major" : 0,
        "minor" : 0
      },
      "repoInfo" : null,
      "objectRefs" : [ ],
      "contextAttributes" : [ ],
      "additionalInfo" : {
        "description" : "Salesforce Recipe Test",
        "contentType" : "Binary",
        "documentState" : "COMPLETE"
      }
    }
  }, {
    "objectGuid" : "je6T13MKf8AeMhWpWf9kYk",
    "objectName" : "LoadFileByPath",
    "objectType" : "PROCESS",
    "path" : "/Explore/Default",
    "metadata" : {
      "modelVersion" : {
        "major" : 1,
        "minor" : 0
      },
      "repoInfo" : {
        "repoHandle" : "78jKBmeK3jhBjop-gt-6628456-2025-02-26T02:52:59.48Z::pd.xml"
      },
      "objectRefs" : [ ],
      "contextAttributes" : null,
      "additionalInfo" : {
        "description" : "",
        "contentType" : "application/json; charset=utf-8",
        "documentState" : "VALID"
      }
    }
  }, {
    "objectGuid" : "7gefEBo4s6vc0eRjFSZmMu",
    "objectName" : "Parse",
    "objectType" : "PARSE",
    "path" : "/Explore/Default/Test",
    "metadata" : {
      "modelVersion" : {
        "major" : 1,
        "minor" : 0
      },
      "repoInfo" : {
        "repoHandle" : "7gefEBo4s6vc0eRjFSZmMu"
      },
      "objectRefs" : [ ],
      "contextAttributes" : [ ],
      "additionalInfo" : {
        "description" : null,
        "contentType" : "Binary",
        "documentState" : "INVALID"
      }
    }
  }, {
    "objectGuid" : "6Z9BCiJmvL0f3A16MtPj0z",
    "objectName" : "Salesforce Executor",
    "objectType" : "PROCESS",
    "path" : "/Explore/Default/Salesforce Recipe Test",
    "metadata" : {
      "modelVersion" : {
        "major" : 1,
        "minor" : 0
      },
      "repoInfo" : {
        "repoHandle" : "UxEKSabbeJOSM8N-gt-3348800-2025-02-10T20:51:43.757Z::pd.xml"
      },
      "objectRefs" : [ "04FYpMyhkItjKv33JZprgt" ],
      "contextAttributes" : null,
      "additionalInfo" : {
        "description" : "The process executes a Salesforce query based on a custom connector using SOQL",
        "contentType" : "application/json; charset=utf-8",
        "documentState" : "VALID"
      }
    }
  }, {
    "objectGuid" : "46gVGdjiEffhQDQy9acsyY",
    "objectName" : "Find Investor details",
    "objectType" : "PROCESS",
    "path" : "/Explore/Default/Salesforce Recipe Test",
    "metadata" : {
      "modelVersion" : {
        "major" : 1,
        "minor" : 0
      },
      "repoInfo" : {
        "repoHandle" : "mcovp53nQciSrZM-gt-947247-2025-03-05T03:21:02.01Z::pd.xml"
      },
      "objectRefs" : [ "aiqbJxgWooXdfcExgjV24w", "3GiqSqYIcsGdn6VLPHlYQE", "0xzH1exZnofckBzCPSbr0s", "6Z9BCiJmvL0f3A16MtPj0z" ],
      "contextAttributes" : null,
      "additionalInfo" : {
        "description" : "The process calls the LLM with user prompts and translates them into a list of queries. The queries are executed in a sequence. As each query runs, the LLM creates a new Salesforce query",
        "contentType" : "application/json; charset=utf-8",
        "documentState" : "VALID"
      }
    }
  }, {
    "objectGuid" : "2ORLJIVh1kYjitKX76S34y",
    "objectName" : "mt_investor_hf_sentiment_load",
    "objectType" : "MTT",
    "path" : "/Explore/Default/Salesforce Recipe Test",
    "metadata" : {
      "modelVersion" : {
        "major" : 0,
        "minor" : 0
      },
      "repoInfo" : {
        "repoHandle" : "01D5C00Z000000000005"
      },
      "objectRefs" : [ "4xwpX7CR4U7l8kPIm6a0Ix", "03kmyqz12zoibvO2QldXMd", "dWSyxL3nrcXijkeXpqRKUd", "0o8rYBAUHSAbtdJJQPN0Ok" ],
      "contextAttributes" : [ {
        "name" : "id",
        "value" : "@1"
      } ],
      "additionalInfo" : {
        "description" : null,
        "contentType" : "JSON",
        "documentState" : "VALID"
      }
    }
  }, {
    "objectGuid" : "dWSyxL3nrcXijkeXpqRKUd",
    "objectName" : "SNOWFLAKE_INFA",
    "objectType" : "Connection",
    "path" : "/SYS",
    "metadata" : {
      "modelVersion" : {
        "major" : 0,
        "minor" : 0
      },
      "repoInfo" : {
        "repoHandle" : "01D5C00B000000000005"
      },
      "objectRefs" : [ "0o8rYBAUHSAbtdJJQPN0Ok" ],
      "contextAttributes" : [ {
        "name" : "id",
        "value" : "@1"
      } ],
      "additionalInfo" : {
        "description" : null,
        "contentType" : "JSON",
        "documentState" : "COMPLETE"
      }
    }
  }, {
    "objectGuid" : "cE4BL60xbOei1P4sFmExo1",
    "objectName" : "Test Hello World",
    "objectType" : "PROCESS",
    "path" : "/Explore/Default/Test",
    "metadata" : {
      "modelVersion" : {
        "major" : 1,
        "minor" : 0
      },
      "repoInfo" : {
        "repoHandle" : "fXaabci5rdsMkdy-gt-4352027-2025-02-21T15:14:42.089Z::pd.xml"
      },
      "objectRefs" : [ ],
      "contextAttributes" : null,
      "additionalInfo" : {
        "description" : "Test Hello World",
        "contentType" : "application/json; charset=utf-8",
        "documentState" : "VALID"
      }
    }
  }, {
    "objectGuid" : "2UAUbauzQwGl5FSAmdn4of",
    "objectName" : "LoadNewInvestor",
    "objectType" : "PROCESS",
    "path" : "/Explore/Default/Salesforce Recipe Test",
    "metadata" : {
      "modelVersion" : {
        "major" : 1,
        "minor" : 0
      },
      "repoInfo" : {
        "repoHandle" : "ZVNKVlDjAqQHhwq-gt-8482597-2025-03-02T00:23:23.823Z::pd.xml"
      },
      "objectRefs" : [ ],
      "contextAttributes" : null,
      "additionalInfo" : {
        "description" : "Load Investor",
        "contentType" : "application/json; charset=utf-8",
        "documentState" : "VALID"
      }
    }
  }, {
    "objectGuid" : "3GiqSqYIcsGdn6VLPHlYQE",
    "objectName" : "Prompt Engineering",
    "objectType" : "PROCESS",
    "path" : "/Explore/Default/Salesforce Recipe Test",
    "metadata" : {
      "modelVersion" : {
        "major" : 1,
        "minor" : 0
      },
      "repoInfo" : {
        "repoHandle" : "IsoZduD2L5SeE1K-gt-3361974-2025-02-10T20:51:43.559Z::pd.xml"
      },
      "objectRefs" : [ "aiqbJxgWooXdfcExgjV24w" ],
      "contextAttributes" : null,
      "additionalInfo" : {
        "description" : "The process calls the LLM, parses the response, gets a query, and returns the query",
        "contentType" : "application/json; charset=utf-8",
        "documentState" : "VALID"
      }
    }
  }, {
    "objectGuid" : "471TzEINSc8eFc3dZdbA4C",
    "objectName" : "Find Investor Sentiment",
    "objectType" : "PROCESS",
    "path" : "/Explore/Default/Salesforce Recipe Test",
    "metadata" : {
      "modelVersion" : {
        "major" : 1,
        "minor" : 0
      },
      "repoInfo" : {
        "repoHandle" : "YMjz8Uuopz4KhPV-gt-13841-2025-03-05T13:35:47.822Z::pd.xml"
      },
      "objectRefs" : [ "aiqbJxgWooXdfcExgjV24w", "3GiqSqYIcsGdn6VLPHlYQE", "0xzH1exZnofckBzCPSbr0s", "6Z9BCiJmvL0f3A16MtPj0z" ],
      "contextAttributes" : null,
      "additionalInfo" : {
        "description" : "The process calls the LLM with user prompts and translates them into a list of queries. The queries are executed in a sequence. As each query runs, the LLM creates a new Salesforce query",
        "contentType" : "application/json; charset=utf-8",
        "documentState" : "VALID"
      }
    }
  }, {
    "objectGuid" : "cjMtIQ7WMaNcyQyJZwJZgA",
    "objectName" : "FS_Advisor_Investor_check",
    "objectType" : "PROCESS",
    "path" : "/Explore/Default/Test",
    "metadata" : {
      "modelVersion" : {
        "major" : 1,
        "minor" : 0
      },
      "repoInfo" : {
        "repoHandle" : "5wNM30nYNmumf6S-gt-771816-2025-03-04T17:57:29.907Z::pd.xml"
      },
      "objectRefs" : [ "aW0jQkEp4zgjROkqGStS0N" ],
      "contextAttributes" : null,
      "additionalInfo" : {
        "description" : "",
        "contentType" : "application/json; charset=utf-8",
        "documentState" : "VALID"
      }
    }
  }, {
    "objectGuid" : "6egmu6OzbidbvaBbSlhhyQ",
    "objectName" : "AppConnectionNewInvestor",
    "objectType" : "AI_CONNECTION",
    "path" : "/Explore/Default/Salesforce Recipe Test",
    "metadata" : {
      "modelVersion" : {
        "major" : 1,
        "minor" : 0
      },
      "repoInfo" : {
        "repoHandle" : "WeIssjqluQgabcj-gt-1498231-2025-03-07T16:53:38.781Z::conn.xml"
      },
      "objectRefs" : [ ],
      "contextAttributes" : null,
      "additionalInfo" : {
        "description" : "",
        "contentType" : "application/json; charset=utf-8",
        "documentState" : "VALID"
      }
    }
  }, {
    "objectGuid" : "aph4xPvVZpwjXFlUXPTAwT",
    "objectName" : "Tst_DASConnector_SQL_Server",
    "objectType" : "AI_SERVICE_CONNECTOR",
    "path" : "/Explore/Default/Test",
    "metadata" : {
      "modelVersion" : {
        "major" : 1,
        "minor" : 0
      },
      "repoInfo" : {
        "repoHandle" : "0BdxPVIKchzt1Y6-gt-6152582-2025-02-25T02:12:37.987Z::svc.xml"
      },
      "objectRefs" : [ ],
      "contextAttributes" : null,
      "additionalInfo" : {
        "description" : "Tst_DASConnector_SQL_Server",
        "contentType" : "application/json; charset=utf-8",
        "documentState" : "VALID"
      }
    }
  }, {
    "objectGuid" : "6DQTIedma74ciCmOFeaQmz",
    "objectName" : "investment_advice Fault Handling",
    "objectType" : "PROCESS",
    "path" : "/Explore/Default/Salesforce Recipe Test",
    "metadata" : {
      "modelVersion" : {
        "major" : 1,
        "minor" : 0
      },
      "repoInfo" : {
        "repoHandle" : "ZAi63M8Uuopz4Kh-gt-1114524-2025-03-07T03:25:40.827Z::pd.xml"
      },
      "objectRefs" : [ "2CZeJt0H8obbPE10HLSRkv", "aiqbJxgWooXdfcExgjV24w", "46gVGdjiEffhQDQy9acsyY" ],
      "contextAttributes" : null,
      "additionalInfo" : {
        "description" : "",
        "contentType" : "application/json; charset=utf-8",
        "documentState" : "VALID"
      }
    }
  }, {
    "objectGuid" : "42sYQQRm4GiiF58pLl3jWR",
    "objectName" : "SalesforceConnection",
    "objectType" : "AI_CONNECTION",
    "path" : "/Explore/Default/Salesforce Recipe Test",
    "metadata" : {
      "modelVersion" : {
        "major" : 1,
        "minor" : 0
      },
      "repoInfo" : {
        "repoHandle" : "UIsNAYvtpeFRqXp-gt-743599-2025-03-06T16:00:19.752Z::conn.xml"
      },
      "objectRefs" : [ ],
      "contextAttributes" : null,
      "additionalInfo" : {
        "description" : "",
        "contentType" : "application/json; charset=utf-8",
        "documentState" : "VALID"
      }
    }
  }, {
    "objectGuid" : "78SGFs1k0npfJa7wxUg3aQ",
    "objectName" : "investor news data load from Snowflake to Salesforce",
    "objectType" : "DTEMPLATE",
    "path" : "/Explore/Default/Salesforce Recipe Test",
    "metadata" : {
      "modelVersion" : {
        "major" : 0,
        "minor" : 0
      },
      "repoInfo" : {
        "repoHandle" : "01D5C01700000000001E"
      },
      "objectRefs" : [ "03kmyqz12zoibvO2QldXMd", "dWSyxL3nrcXijkeXpqRKUd" ],
      "contextAttributes" : [ {
        "name" : "id",
        "value" : "@1"
      } ],
      "additionalInfo" : {
        "description" : "",
        "contentType" : "JSON",
        "documentState" : "VALID"
      }
    }
  }, {
    "objectGuid" : "03kmyqz12zoibvO2QldXMd",
    "objectName" : "Salesforce_DI",
    "objectType" : "Connection",
    "path" : "/SYS",
    "metadata" : {
      "modelVersion" : {
        "major" : 0,
        "minor" : 0
      },
      "repoInfo" : {
        "repoHandle" : "01D5C00B000000000004"
      },
      "objectRefs" : [ "0o8rYBAUHSAbtdJJQPN0Ok" ],
      "contextAttributes" : [ {
        "name" : "id",
        "value" : "@1"
      } ],
      "additionalInfo" : {
        "description" : null,
        "contentType" : "JSON",
        "documentState" : "COMPLETE"
      }
    }
  }, {
    "objectGuid" : "00HXy93dYqhdkGUW17vzCT",
    "objectName" : "mt_New_Investor_Data_into_Snowflake",
    "objectType" : "MTT",
    "path" : "/Explore/Default/Salesforce Recipe Test",
    "metadata" : {
      "modelVersion" : {
        "major" : 0,
        "minor" : 0
      },
      "repoInfo" : {
        "repoHandle" : "01D5C00Z000000000007"
      },
      "objectRefs" : [ "jPEprFvDTiddgLpdP6m8ow", "jvY43GARlIZbCSo8tCKcS6", "dWSyxL3nrcXijkeXpqRKUd", "0o8rYBAUHSAbtdJJQPN0Ok" ],
      "contextAttributes" : [ {
        "name" : "id",
        "value" : "@1"
      } ],
      "additionalInfo" : {
        "description" : null,
        "contentType" : "JSON",
        "documentState" : "VALID"
      }
    }
  }, {
    "objectGuid" : "2ouVcAZhpSdiaWhQySC4sm",
    "objectName" : "AppConnectionLoadDataSalesforceNewInvestor",
    "objectType" : "AI_CONNECTION",
    "path" : "/Explore/Default/Salesforce Recipe Test",
    "metadata" : {
      "modelVersion" : {
        "major" : 1,
        "minor" : 0
      },
      "repoInfo" : {
        "repoHandle" : "CDMxrteIssjqluQ-gt-1735303-2025-03-07T23:53:26.452Z::conn.xml"
      },
      "objectRefs" : [ "5KA331DZxcvktlpq6p1nST" ],
      "contextAttributes" : null,
      "additionalInfo" : {
        "description" : "",
        "contentType" : "application/json; charset=utf-8",
        "documentState" : "VALID"
      }
    }
  }, {
    "objectGuid" : "4xwpX7CR4U7l8kPIm6a0Ix",
    "objectName" : "investor_hf_sentiment_load_snowflake_to_salesforce",
    "objectType" : "DTEMPLATE",
    "path" : "/Explore/Default/Salesforce Recipe Test",
    "metadata" : {
      "modelVersion" : {
        "major" : 0,
        "minor" : 0
      },
      "repoInfo" : {
        "repoHandle" : "01D5C01700000000001F"
      },
      "objectRefs" : [ "03kmyqz12zoibvO2QldXMd", "dWSyxL3nrcXijkeXpqRKUd" ],
      "contextAttributes" : [ {
        "name" : "id",
        "value" : "@1"
      } ],
      "additionalInfo" : {
        "description" : "",
        "contentType" : "JSON",
        "documentState" : "VALID"
      }
    }
  }, {
    "objectGuid" : "2OsOyzA8NPMb9PGqmhAdUT",
    "objectName" : "SalesforceQueryConnector",
    "objectType" : "AI_SERVICE_CONNECTOR",
    "path" : "/Explore/Default/Salesforce Recipe Test",
    "metadata" : {
      "modelVersion" : {
        "major" : 1,
        "minor" : 0
      },
      "repoInfo" : {
        "repoHandle" : "hzuzu2JQhtGci3z-gt-3348781-2025-02-10T20:51:43.118Z::svc.xml"
      },
      "objectRefs" : [ ],
      "contextAttributes" : null,
      "additionalInfo" : {
        "description" : "Custom Salesforce connector for executing an SOQL request",
        "contentType" : "application/json; charset=utf-8",
        "documentState" : "VALID"
      }
    }
  }, {
    "objectGuid" : "3D41NrgU3KJkMs2g3vy96n",
    "objectName" : "Salesforce_create",
    "objectType" : "PROCESS",
    "path" : "/Explore/Default/Salesforce Recipe Test",
    "metadata" : {
      "modelVersion" : {
        "major" : 1,
        "minor" : 0
      },
      "repoInfo" : {
        "repoHandle" : "lwnHUPAZf5kck8j-gt-735691-2025-03-06T15:44:54.183Z::pd.xml"
      },
      "objectRefs" : [ ],
      "contextAttributes" : null,
      "additionalInfo" : {
        "description" : "",
        "contentType" : "application/json; charset=utf-8",
        "documentState" : "INVALID"
      }
    }
  }, {
    "objectGuid" : "daqQPMj14ucfHMHqwSeeEU",
    "objectName" : "SalesforceQueryConnection",
    "objectType" : "AI_CONNECTION",
    "path" : "/Explore/Default/Test",
    "metadata" : {
      "modelVersion" : {
        "major" : 1,
        "minor" : 0
      },
      "repoInfo" : {
        "repoHandle" : "ox9AWbg0ZkL0jmu-gt-2775172-2025-02-18T15:01:49.232Z::conn.xml"
      },
      "objectRefs" : [ "9S7Zgur3YijeCBGhrKN2Gz" ],
      "contextAttributes" : null,
      "additionalInfo" : {
        "description" : "Connection for calling Salesforce using an SOQL request",
        "contentType" : null,
        "documentState" : "VALID"
      }
    }
  }, {
    "objectGuid" : "04gVJVbzO3KewpT97YPHCa",
    "objectName" : "Dictionary_Country",
    "objectType" : "DICTIONARY",
    "path" : "/Explore/Default/Test",
    "metadata" : {
      "modelVersion" : {
        "major" : 1,
        "minor" : 0
      },
      "repoInfo" : {
        "repoHandle" : "04gVJVbzO3KewpT97YPHCa"
      },
      "objectRefs" : [ ],
      "contextAttributes" : [ ],
      "additionalInfo" : {
        "description" : "Dictionary_Country",
        "contentType" : "Binary",
        "documentState" : "VALID"
      }
    }
  } ]
}